-- Insert into XXCCMS_PUI.XXCCMS_OPA_SESSION
INSERT INTO XXCCMS_PUI.XXCCMS_OPA_SESSION (ID, OWNER_ID, TARGET_ID, ASSESSMENT, STATUS, CREATED, CREATED_BY, MODIFIED, MODIFIED_BY)
VALUES (26, 'owner1', '1234567890', 'meansAssessment', 'status1', TIMESTAMP '2024-05-13 13:17:06.218000', 'creator1', TIMESTAMP '2024-05-13 13:17:06.218000', 'modifier1');

-- Insert into XXCCMS_PUI.XXCCMS_OPA_LISTENTITY
INSERT INTO XXCCMS_PUI.XXCCMS_OPA_LISTENTITY (ID, FK_OPA_SESSION, ENTITY_TYPE)
VALUES (27, 26, 'entityType1');

-- Insert into XXCCMS_PUI.XXCCMS_OPA_ENTITY
INSERT INTO XXCCMS_PUI.XXCCMS_OPA_ENTITY (ID, FK_OPA_LIST_ENTITY, FK_OPA_SESSION, ENTITY_ID, PREPOPULATED, COMPLETED)
VALUES (28, 27, 26, 'entityId1', 0, 0);

-- Insert into XXCCMS_PUI.XXCCMS_OPA_ATTRIBUTE
INSERT INTO XXCCMS_PUI.XXCCMS_OPA_ATTRIBUTE (ID, FK_OPA_ENTITY, ATTRIBUTE_ID, ATTRIBUTE_TYPE, ATTRIBUTE_VALUE, INFERENCING_TYPE, PREPOPULATED, ASKED)
VALUES (29, 28, 'OPPONENT_DOB', 'text', null, null, 0, 0);

-- Insert into XXCCMS_PUI.XXCCMS_OPA_RELATIONSHIP
INSERT INTO XXCCMS_PUI.XXCCMS_OPA_RELATIONSHIP (ID, FK_OPA_ENTITY, NAME, PREPOPULATED)
VALUES (30, 28, 'name1', 1);

-- Insert into XXCCMS_PUI.XXCCMS_OPA_RELSHIPTARGET
INSERT INTO XXCCMS_PUI.XXCCMS_OPA_RELSHIPTARGET (ID, TARGET_ENTITY_ID)
VALUES (31, 'entityId1');

-- Insert into XXCCMS_PUI.XXCCMS_OPA_CHECKPOINT
INSERT INTO XXCCMS_PUI.XXCCMS_OPA_CHECKPOINT (RESUME_ID, USER_NAME, INTERVIEW_DATA)
VALUES (26, 'john.doe', hextoraw('48656c6c6f20776f726c64'));

-- Insert into XXCCMS_PUI.XXCCMS_OPA_ASSESSMENT_LOG for MEANS assessment
INSERT INTO XXCCMS_PUI.XXCCMS_OPA_ASSESSMENT_LOG (ID, TARGET_ID, ASSESSMENT, OWNER_ID, ACTION, TTL, ASSESSMENT_DATA, CREATED, CREATED_BY)
VALUES (1, '1234567890', 'MEANS', 'owner1', 'Action_001', 'Time to live 1', 'Sample assessment data 1', SYSTIMESTAMP, 'User_001');

-- Insert into XXCCMS_PUI.XXCCMS_OPA_SESSION for MERITS
INSERT INTO XXCCMS_PUI.XXCCMS_OPA_SESSION (ID, OWNER_ID, TARGET_ID, ASSESSMENT, STATUS, CREATED, CREATED_BY, MODIFIED, MODIFIED_BY)
VALUES (32, 'owner2', '1234567891', 'meritsAssessment', 'status2', TIMESTAMP '2024-05-13 13:20:06.218000', 'creator2', TIMESTAMP '2024-05-13 13:20:06.218000', 'modifier2');

-- Insert into XXCCMS_PUI.XXCCMS_OPA_LISTENTITY for MERITS
INSERT INTO XXCCMS_PUI.XXCCMS_OPA_LISTENTITY (ID, FK_OPA_SESSION, ENTITY_TYPE)
VALUES (33, 32, 'entityType2');

-- Insert into XXCCMS_PUI.XXCCMS_OPA_ENTITY for MERITS
INSERT INTO XXCCMS_PUI.XXCCMS_OPA_ENTITY (ID, FK_OPA_LIST_ENTITY, FK_OPA_SESSION, ENTITY_ID, PREPOPULATED, COMPLETED)
VALUES (34, 33, 32, 'entityId2', 0, 0);

-- Insert into XXCCMS_PUI.XXCCMS_OPA_ATTRIBUTE for MERITS
INSERT INTO XXCCMS_PUI.XXCCMS_OPA_ATTRIBUTE (ID, FK_OPA_ENTITY, ATTRIBUTE_ID, ATTRIBUTE_TYPE, ATTRIBUTE_VALUE, INFERENCING_TYPE, PREPOPULATED, ASKED)
VALUES (35, 34, 'OPPONENT_DOB', 'text', null, null, 0, 0);

-- Insert into XXCCMS_PUI.XXCCMS_OPA_RELATIONSHIP for MERITS
INSERT INTO XXCCMS_PUI.XXCCMS_OPA_RELATIONSHIP (ID, FK_OPA_ENTITY, NAME, PREPOPULATED)
VALUES (36, 34, 'name2', 1);

-- Insert into XXCCMS_PUI.XXCCMS_OPA_RELSHIPTARGET for MERITS
INSERT INTO XXCCMS_PUI.XXCCMS_OPA_RELSHIPTARGET (ID, TARGET_ENTITY_ID)
VALUES (37, 'entityId2');

-- Insert into XXCCMS_PUI.XXCCMS_OPA_CHECKPOINT for MERITS
INSERT INTO XXCCMS_PUI.XXCCMS_OPA_CHECKPOINT (RESUME_ID, USER_NAME, INTERVIEW_DATA)
VALUES (32, 'jane.doe', hextoraw('48656c6c6f20776f726c64'));

-- Insert into XXCCMS_PUI.XXCCMS_OPA_ASSESSMENT_LOG for MERITS assessment
INSERT INTO XXCCMS_PUI.XXCCMS_OPA_ASSESSMENT_LOG (ID, TARGET_ID, ASSESSMENT, OWNER_ID, ACTION, TTL, ASSESSMENT_DATA, CREATED, CREATED_BY)
VALUES (2, '1234567891', 'MERITS', 'owner2', 'Action_002', 'Time to live 2', 'Sample assessment data 2', SYSTIMESTAMP, 'User_002');


-- Insert into XXCCMS_PUI.XXCCMS_OPA_SESSION for BILL
INSERT INTO XXCCMS_PUI.XXCCMS_OPA_SESSION (ID, OWNER_ID, TARGET_ID, ASSESSMENT, STATUS, CREATED, CREATED_BY, MODIFIED, MODIFIED_BY)
VALUES (38, 'owner3', '1234567892', 'billingAssessment', 'status3', TIMESTAMP '2024-05-13 13:23:06.218000', 'creator3', TIMESTAMP '2024-05-13 13:23:06.218000', 'modifier3');

-- Insert into XXCCMS_PUI.XXCCMS_OPA_LISTENTITY for BILL
INSERT INTO XXCCMS_PUI.XXCCMS_OPA_LISTENTITY (ID, FK_OPA_SESSION, ENTITY_TYPE)
VALUES (39, 38, 'entityType3');

-- Insert into XXCCMS_PUI.XXCCMS_OPA_ENTITY for BILL
INSERT INTO XXCCMS_PUI.XXCCMS_OPA_ENTITY (ID, FK_OPA_LIST_ENTITY, FK_OPA_SESSION, ENTITY_ID, PREPOPULATED, COMPLETED)
VALUES (40, 39, 38, 'entityId3', 0, 0);

-- Insert into XXCCMS_PUI.XXCCMS_OPA_ATTRIBUTE for BILL
INSERT INTO XXCCMS_PUI.XXCCMS_OPA_ATTRIBUTE (ID, FK_OPA_ENTITY, ATTRIBUTE_ID, ATTRIBUTE_TYPE, ATTRIBUTE_VALUE, INFERENCING_TYPE, PREPOPULATED, ASKED)
VALUES (41, 40, 'OPPONENT_DOB', 'text', null, null, 0, 0);

-- Insert into XXCCMS_PUI.XXCCMS_OPA_RELATIONSHIP for BILL
INSERT INTO XXCCMS_PUI.XXCCMS_OPA_RELATIONSHIP (ID, FK_OPA_ENTITY, NAME, PREPOPULATED)
VALUES (42, 40, 'name3', 1);

-- Insert into XXCCMS_PUI.XXCCMS_OPA_RELSHIPTARGET for BILL
INSERT INTO XXCCMS_PUI.XXCCMS_OPA_RELSHIPTARGET (ID, TARGET_ENTITY_ID)
VALUES (43, 'entityId3');

-- Insert into XXCCMS_PUI.XXCCMS_OPA_CHECKPOINT for BILL
INSERT INTO XXCCMS_PUI.XXCCMS_OPA_CHECKPOINT (RESUME_ID, USER_NAME, INTERVIEW_DATA)
VALUES (38, 'john.smith', hextoraw('48656c6c6f20776f726c64'));

-- Insert into XXCCMS_PUI.XXCCMS_OPA_ASSESSMENT_LOG for BILL assessment
INSERT INTO XXCCMS_PUI.XXCCMS_OPA_ASSESSMENT_LOG (ID, TARGET_ID, ASSESSMENT, OWNER_ID, ACTION, TTL, ASSESSMENT_DATA, CREATED, CREATED_BY)
VALUES (3, '1234567892', 'BILL', 'owner3', 'Action_003', 'Time to live 3', 'Sample assessment data 3', SYSTIMESTAMP, 'User_003');


-- Insert into XXCCMS_PUI.XXCCMS_OPA_SESSION for POA
INSERT INTO XXCCMS_PUI.XXCCMS_OPA_SESSION (ID, OWNER_ID, TARGET_ID, ASSESSMENT, STATUS, CREATED, CREATED_BY, MODIFIED, MODIFIED_BY)
VALUES (44, 'owner4', '1234567893', 'poaAssessment', 'status4', TIMESTAMP '2024-05-13 13:25:06.218000', 'creator4', TIMESTAMP '2024-05-13 13:25:06.218000', 'modifier4');

-- Insert into XXCCMS_PUI.XXCCMS_OPA_LISTENTITY for POA
INSERT INTO XXCCMS_PUI.XXCCMS_OPA_LISTENTITY (ID, FK_OPA_SESSION, ENTITY_TYPE)
VALUES (45, 44, 'entityType4');

-- Insert into XXCCMS_PUI.XXCCMS_OPA_ENTITY for POA
INSERT INTO XXCCMS_PUI.XXCCMS_OPA_ENTITY (ID, FK_OPA_LIST_ENTITY, FK_OPA_SESSION, ENTITY_ID, PREPOPULATED, COMPLETED)
VALUES (46, 45, 44, 'entityId4', 0, 0);

-- Insert into XXCCMS_PUI.XXCCMS_OPA_ATTRIBUTE for POA
INSERT INTO XXCCMS_PUI.XXCCMS_OPA_ATTRIBUTE (ID, FK_OPA_ENTITY, ATTRIBUTE_ID, ATTRIBUTE_TYPE, ATTRIBUTE_VALUE, INFERENCING_TYPE, PREPOPULATED, ASKED)
VALUES (47, 46, 'OPPONENT_DOB', 'text', null, null, 0, 0);

-- Insert into XXCCMS_PUI.XXCCMS_OPA_RELATIONSHIP for POA
INSERT INTO XXCCMS_PUI.XXCCMS_OPA_RELATIONSHIP (ID, FK_OPA_ENTITY, NAME, PREPOPULATED)
VALUES (48, 46, 'name4', 1);

-- Insert into XXCCMS_PUI.XXCCMS_OPA_RELSHIPTARGET for POA
INSERT INTO XXCCMS_PUI.XXCCMS_OPA_RELSHIPTARGET (ID, TARGET_ENTITY_ID)
VALUES (49, 'entityId4');

-- Insert into XXCCMS_PUI.XXCCMS_OPA_CHECKPOINT for POA
INSERT INTO XXCCMS_PUI.XXCCMS_OPA_CHECKPOINT (RESUME_ID, USER_NAME, INTERVIEW_DATA)
VALUES (44, 'jane.smith', hextoraw('48656c6c6f20776f726c64'));

-- Insert into XXCCMS_PUI.XXCCMS_OPA_ASSESSMENT_LOG for POA assessment
INSERT INTO XXCCMS_PUI.XXCCMS_OPA_ASSESSMENT_LOG (ID, TARGET_ID, ASSESSMENT, OWNER_ID, ACTION, TTL, ASSESSMENT_DATA, CREATED, CREATED_BY)
VALUES (4, '1234567893', 'POA', 'owner4', 'Action_004', 'Time to live 4', 'Sample assessment data 4', SYSTIMESTAMP, 'User_004');


